{
    "dji fc8482 2048 1536 brown 0.6666": {
        "projection_type": "brown",
        "width": 2048,
        "height": 1536,
        "focal_x": 0.6739319269706456,
        "focal_y": 0.6739319269706456,
        "c_x": 0.0022619073619954038,
        "c_y": -0.003230908729964632,
        "k1": 0.0520296190505129,
        "k2": -0.06347546018594702,
        "p1": -5.806752839203529e-05,
        "p2": 0.00020248485720702502,
        "k3": 0.023890930906665324
    }
}